Name,Phone
John Smith,
Maria Garcia,
David Müller,
Isabella Costa,
Liam O'Connor,
Yuki Tanaka,
Fatima Zahra,
Ivan Petrov,
Chloe Martin,
Pedro Alvarez,
Anna Svensson,
Samuel Johnson,
Julia Kowalska,
Ethan Williams,
Zoe Dimitriou,
Ahmed Khan,
Emily Chen,
Priya Patel,
Sofia Rossi,
Lucas Dubois,
Aisha Al-Farsi,
Tomáš Novák,
Leila Haddad,
Marko Jovanović,
Sara Nordin,
George Papadopoulos,
Noor El-Sayed,
Viktor Horváth,
Hannah Lee,
Carlos Mendes,
Benjamin Cohen,
"jm,",
Lucas Ferrari,
Amira Benali,
Oscar Lindberg,
Elena Petrova,
Jack Wilson,
Maya Singh,
Alexei Smirnov,
fsd,
Olivia Moreau,
frieg,
